Year,Quarter,AFN,AFS,AFN,ACS,ACE,AEA,ASO,ASE,EU1,EU2,EU8,EUO,ERO,MIE,OCE,OTH,ACE-AFG,ERO-ALB,AFN-ALG,OCE-AMS,ERO-AND,AFS-ANG,OTH-ANG,ACS-AAB,ACS-ARG,ERO-ARM,ACS-ARU,OCE-AUS,EU1-AUS,ERO-AZR,ACS-BHM,MIE-BHR,ASO-BAN,ACS-BAR,ERO-BLA,EU1-BLG,ACS-BLZ,AFS-BEN,OTH-BRM,ASO-BHU,ACS-BLV,ACS-BSS,ERO-BAH,AFS-BTS,ACS-BRA,OTH-BOC,ASE-BRN,EU2-BLG,AFS-BRK,ASE-BRM,AFS-BRD,ASE-CBD,AFS-CMR,AMN-CND,AFS-CVD,OTH-CMI,AFS-CAR,AFS-CHD,ACS-CHL,AEA-CHI,OCE-CIS,OCE-CKI,ACS-COL,AFS-COM,AFS-CNG,AFS-CDR,OCE-CIS,ACS-CTR,EUO-CRO,ACS-CUB,ACS-CRC,EUO-CPR,ERO-CPR,EU8-CZR,EU1-DEN,AFS-DJI,ACS-DMN,ACS-DMR,ASE-ETM,ACS-ECD,AFN-EGP,ACS-ESV,AFS-EQG,AFS-ERT,EU8-EST,AFS-ETH,OTH-FIB,ERO-FRI,OCE-FIJ,EU1-FIN,ERO-FYS,EU1-FRA,ACS-FRG,OCE-FPN,AFS-GAB,AFS-GMB,ERO-GRG,EU1-GER,AFS-GHN,OTH-GBL,EU1-GRE,ERO-GRL,ACS-GRN,ACS-GDL,OCE-GUA,ACS-GTM,AFS-GNE,AFS-GNB,ACS-GUY,ACS-HAI,OCE-HIM,ACS-HND,AEA-HKO,EU8-HNG,ERO-ICE,ASO-IND,ASE-IDN,MIE-IRN,MIE-IRQ,EU1-IRL,MIE-ISR,EU1-ITA,AFS-IVC,ACS-JMC,AEA-JAP,MIE-JRD,ACE-KHZ,AFS-KNY,OCE-KRB,AEA-KRN,AEA-KRS,ERO-KSV,MIE-KUW,ACE-KRG,ASE-LAO,EU8-LTV,MIE-LBN,AFS-LST,AFS-LBR,AFN-LBY,ERO-LTS,EU8-LIT,EU1-LXB,AEA-MAC,ERO-MCD,AFS-MDG,AFS-MLW,ASE-MLS,ASO-MDV,AFS-MAL,EUO-MLT,OCE-MSI,ACS-MTQ,AFN-MAU,AFS-MRT,AFS-MYT,ACS-MEX,OCE-MCR,ERO-MDV,ERO-MNC,AEA-MNG,ERO-MNT,OTH-MSR,AFN-MRC,AFS-MOZ,AFS-NMB,OCE-NAU,ASO-NPL,EU1-NTL,ACS-NLA,OCE-NCD,OCE-NZE,ACS-NIC,AFS-NIG,AFS-NGR,OCE-NIU,OCE-NFI,OCE-NMI,ERO-NWY,MIE-OPT,MIE-OMN,OTH-OUT,ASO-PAK,OCE-PAL,ACS-PAN,OCE-PNG,ACS-PRG,ACS-PER,ASE-PLP,OTH-PIB,EU8-POL,EU1-PTG,AMN-PTR,MIE-QTR,OTH-RFG,AFS-REU,EU2-RMN,ERO-RUS,AFS-RWA,OCE-SAM,ERO-SMR,AFS-STP,MIE-SDA,AFS-SNG,ERO-SRB,ERO-SAM,AFS-SCH,AFS-SRL,ASE-SGP,EU8-SVK,EU8-SVN,OCE-SLI,AFS-SOM,AFS-SAF,OTH-SGI,EU1-SPA,ASO-SLK,OTH-SHB,ACS-SKN,ACS-SLU,ACS-SMD,ACS-SMF,ACS-SPM,ACS-SVG,OTH-STL,AFN-SUD,AFS-SDS,ACS-SRN,ERO-SJM,AFS-SWZ,EU1-SWD,ERO-SWT,MIE-SYR,AEA-TWN,ACE-TJK,AFS-TNZ,ASE-THA,AFS-TOG,OCE-TKL,OCE-TNG,ACS-TAT,AFN-TNS,ERO-TRK,ACE-TMS,OTH-TCI,OCE-TVL,AFS-UGD,ERO-UKR,MIE-UAE,AMN-UST,ACS-URG,ACE-UZB,OCE-VNT,ERO-VTC,ACS-VNZ,ASE-VTN,OTH-VIB,AMN-VIU,OCE-WAF,AFN-WSH,MIE-YMN,AFS-ZMB,AFS-ZBW
2007,Q1,"1,396","20,485","1,391","3,337","4,625","1,747","13,305","6,026",980,447,465,225,"4,904","4,094","1,499","1,005","4,520",363,417,1,0,542,0,7,30,68,1,966,19,71,6,10,"1,069",47,66,17,3,8,0,8,35,z,85,9,207,955,7,255,2,68,283,4,240,398,1,0,0,5,23,991,0,0,737,1,237,"1,097",0,4,198,22,z,18,36,33,13,4,19,5,0,333,241,4,0,348,19,390,0,0,24,16,"1,210",152,0,0,5,171,54,121,"1,420",0,109,0,29,0,0,3,40,7,89,1,0,4,338,39,1,"5,616",55,"1,420","1,844",57,173,118,227,"1,327",52,93,38,"1,003",4,0,293,119,8,20,2,34,174,1,90,189,0,83,0,1,98,3,88,228,1,3,9,1,0,1,334,0,31,0,35,0,25,5,0,216,8,9,0,382,76,0,0,499,1,3,"2,588",0,0,0,12,111,1,7,"3,759",0,3,3,2,52,"5,234",0,206,187,0,1,13,0,192,632,339,0,0,0,31,7,158,0,30,"1,066",39,46,5,0,"3,455","3,069",0,58,"2,470",0,3,39,z,0,0,41,30,263,0,1,0,8,37,28,119,47,2,219,288,50,0,0,173,69,"1,459",7,0,0,531,404,7,993,1,38,1,0,54,101,0,0,0,0,102,248,"2,296"
2007,Q2,714,"8,163",864,"1,598","2,041",879,"7,054","2,171",601,353,240,74,"2,298","2,088",974,509,"2,002",175,216,0,0,163,0,4,27,22,0,634,4,25,3,7,522,19,22,7,4,1,0,2,12,z,21,7,108,482,1,241,2,33,110,6,88,267,0,0,2,9,27,541,0,0,319,0,57,306,0,4,67,15,z,4,24,16,9,4,10,7,0,130,153,1,1,162,11,150,0,0,16,6,443,102,0,0,1,72,18,71,621,0,76,0,16,0,0,5,13,1,55,1,0,2,170,14,1,"2,965",37,685,987,29,110,63,57,585,23,44,14,347,0,1,83,74,3,8,1,17,77,6,32,86,1,26,0,0,37,0,29,114,1,0,3,0,0,4,189,0,28,0,14,0,9,2,0,124,4,5,0,199,46,0,0,320,0,1,"1,117",0,0,0,6,40,0,2,"2,136",0,4,1,0,37,"1,661",0,131,113,0,0,9,0,112,340,127,0,0,0,7,8,97,0,22,279,20,23,2,0,"1,043","1,807",0,47,"1,229",0,4,17,z,0,0,26,16,105,0,0,0,3,28,10,48,52,0,104,222,29,0,1,90,26,778,3,0,0,191,188,4,597,2,14,2,0,36,76,0,0,0,0,76,102,891
2007,Q3,739,"8,648",774,"1,800","1,845",847,"6,838","2,142",642,332,207,57,"1,928","2,017",864,464,"1,796",174,235,1,0,244,0,3,26,9,0,582,8,33,2,1,617,22,25,10,6,6,0,6,12,z,36,12,128,429,1,226,1,36,91,5,85,208,0,0,0,4,14,523,0,0,308,0,57,287,0,0,39,15,z,6,12,11,25,2,4,7,0,141,108,2,1,153,4,131,0,0,16,11,200,126,0,0,0,114,29,89,650,1,55,0,15,0,0,8,13,3,44,2,0,2,167,20,3,"2,949",31,658,915,28,101,72,82,710,38,51,18,373,0,0,81,36,8,10,2,12,93,3,43,82,0,32,1,0,26,4,29,147,1,1,12,0,0,3,197,0,38,0,27,0,5,2,0,90,5,8,0,202,37,0,0,256,0,1,"1,180",0,0,0,5,46,3,3,"2,063",0,4,1,0,58,"1,579",0,115,125,0,1,5,0,106,311,115,1,0,0,14,5,142,0,12,333,24,13,0,1,"1,251","1,529",0,34,"1,000",0,1,41,z,0,0,38,26,184,0,1,0,4,21,18,55,33,1,102,249,14,0,6,111,37,654,7,0,0,212,186,2,566,4,13,0,0,33,68,0,0,0,0,69,108,"1,183"
2007,Q4,745,"9,087",672,"1,680","1,824",945,"6,096","1,778",612,413,228,46,"2,434","2,879",620,302,"1,760",225,238,0,0,220,0,4,21,20,0,395,9,55,2,1,582,19,33,15,2,3,0,9,14,z,41,6,146,256,5,298,0,35,130,4,105,185,0,0,0,6,19,607,0,0,277,0,62,412,0,2,33,21,z,8,23,18,17,2,9,6,0,138,116,0,1,166,14,171,0,0,19,6,168,106,0,0,2,80,28,77,744,2,77,0,11,0,0,2,14,2,39,0,0,3,141,23,1,"2,310",45,813,"1,647",20,87,77,79,680,17,28,24,364,0,0,107,42,7,19,2,8,94,7,58,53,0,16,1,0,44,3,40,144,0,0,5,0,0,0,148,0,24,0,23,0,19,3,0,122,5,6,0,192,36,0,0,203,0,2,"1,096",0,0,0,1,55,1,2,"2,032",0,5,0,0,32,"1,164",0,113,111,0,0,8,0,115,355,108,0,0,0,6,14,291,0,10,329,19,34,2,0,"1,510","1,210",0,39,971,0,1,40,z,0,0,59,34,182,0,1,0,2,21,11,62,54,2,99,279,24,0,2,80,34,859,4,0,1,229,211,4,487,2,15,0,0,21,81,0,0,0,0,74,111,"1,507"
2008,Q1,"1,019","13,398",804,"2,293","1,874",978,"8,536","2,079",663,327,206,95,"3,213","5,849",708,594,"1,815",315,348,0,0,481,0,11,20,22,0,467,9,52,3,4,"1,179",25,49,5,7,3,0,7,20,z,37,13,177,555,1,198,2,42,218,5,143,214,1,0,0,12,17,630,0,0,355,1,99,665,0,4,72,20,z,12,25,17,7,0,20,11,0,168,124,3,0,249,10,150,0,0,26,14,97,119,0,0,1,111,46,92,990,1,74,0,18,0,0,5,41,4,67,0,0,2,149,15,0,"2,978",36,745,"4,547",24,103,82,148,995,32,53,25,427,0,0,100,240,14,14,3,16,106,3,81,122,0,34,0,1,58,4,51,136,1,0,11,0,0,2,189,0,34,0,34,0,24,6,0,180,2,8,1,252,31,0,0,214,5,0,"1,481",0,0,0,8,68,1,9,"2,888",0,6,0,0,34,"1,468",0,85,127,0,0,5,0,129,409,161,0,0,0,6,6,225,0,12,477,30,28,1,0,"2,851","1,466",0,46,"1,231",0,3,56,z,0,0,42,24,199,0,0,0,2,33,9,82,42,3,132,286,30,0,0,126,43,"1,345",1,0,0,302,236,5,590,3,16,0,0,36,72,0,0,0,1,115,151,"2,230"
2008,Q2,864,"11,629",937,"2,229","1,482","1,184","9,358","2,177",624,352,162,77,"3,095","3,567",958,415,"1,417",291,250,1,0,337,0,1,42,13,0,627,10,45,8,3,"1,295",34,34,9,6,7,0,13,19,z,24,2,196,387,3,271,8,45,180,4,154,248,2,0,1,8,22,790,0,0,371,0,81,510,0,4,65,25,z,9,11,3,11,2,10,10,0,249,127,9,0,256,5,154,0,0,31,8,120,109,0,0,3,134,20,101,924,0,71,0,27,0,0,6,35,3,59,0,0,3,151,12,0,"3,784",33,655,"2,455",19,94,63,97,766,39,42,24,410,0,1,134,310,6,9,4,9,78,4,68,110,0,24,1,0,43,2,51,212,2,2,3,0,0,2,200,0,42,0,37,0,14,8,1,176,10,6,0,269,57,0,0,294,2,0,"1,435",0,0,0,10,64,1,7,"3,010",0,11,2,4,79,"1,422",0,87,109,0,0,5,0,81,371,131,1,0,0,11,9,165,0,18,433,33,20,2,0,"2,144","1,547",0,33,985,0,3,36,z,0,0,43,15,159,0,0,0,1,23,18,64,55,7,158,311,9,0,2,106,40,"1,386",5,0,0,296,189,5,689,3,20,0,0,33,110,0,0,0,0,89,150,"1,647"
2008,Q3,673,"9,543",866,"1,929","1,055","1,363","9,622","2,507",525,306,148,44,"2,670","2,469",923,303,992,248,175,0,0,279,0,3,40,15,0,584,19,32,8,2,"1,334",27,45,8,2,2,0,8,20,z,31,1,167,255,1,209,0,54,94,5,97,224,0,0,0,1,30,938,0,0,286,1,40,342,0,0,29,22,z,11,22,13,11,6,19,12,0,125,146,3,8,146,5,125,0,0,20,6,70,88,0,0,0,106,31,65,834,0,49,0,12,0,0,3,16,0,63,5,0,3,208,20,0,"4,008",26,588,"1,368",27,130,69,82,771,26,52,22,388,0,2,106,207,15,11,0,11,77,4,26,55,0,18,0,0,28,1,57,187,0,2,4,0,0,1,173,0,31,0,19,0,23,12,1,105,5,1,0,356,33,0,0,311,2,2,"1,344",0,0,0,2,79,1,7,"3,135",0,8,1,2,47,"1,752",0,73,111,0,0,5,0,97,358,88,0,0,0,14,10,111,0,22,296,35,8,0,0,"1,425","1,693",0,25,781,0,3,27,z,0,0,35,35,140,0,0,0,6,14,13,55,60,0,94,346,9,0,7,113,51,"1,243",13,0,0,220,183,2,642,2,17,0,0,38,101,0,0,0,0,86,103,"1,394"
2008,Q4,979,"10,346",916,"1,852","1,147","1,494","10,634","3,175",654,503,131,54,"3,630","2,563",968,278,"1,078",328,310,0,0,244,0,7,44,22,0,636,4,57,0,2,"1,570",20,73,8,9,5,0,6,34,z,25,1,195,234,2,363,4,42,120,3,114,279,0,0,0,9,24,975,0,0,243,1,64,434,0,7,39,21,z,11,18,10,14,4,7,14,0,153,174,6,0,168,8,143,0,0,18,11,102,101,0,0,0,112,36,95,965,0,62,0,5,0,0,3,15,0,52,0,0,0,248,12,2,"4,342",34,677,"1,228",32,128,68,104,680,41,61,29,462,0,0,149,320,9,14,3,9,138,3,44,65,1,9,1,1,56,2,43,238,0,0,4,0,0,1,189,0,39,0,39,0,21,18,0,155,4,18,0,267,63,0,0,310,1,1,"1,395",0,0,0,3,126,2,7,"3,569",0,7,1,0,47,"2,357",0,73,127,0,0,9,0,140,418,95,0,0,0,0,13,180,0,13,261,48,9,1,0,"1,756","1,583",0,46,880,0,1,39,z,0,0,26,28,221,0,0,0,7,22,9,86,59,1,112,346,20,0,3,118,53,"1,667",7,0,0,202,256,3,637,5,18,0,0,45,102,0,0,0,0,103,125,"1,491"
2009,Q1,"1,193","14,921","1,082","2,266","1,285","2,052","16,943","4,148",703,656,181,68,"4,516","2,972",991,514,"1,210",407,349,0,0,370,0,5,55,33,0,618,9,42,3,11,"4,042",20,71,5,8,3,0,7,18,z,59,15,192,453,3,444,2,43,172,3,149,325,1,0,0,7,25,"1,472",0,0,306,0,112,793,0,1,58,21,z,6,31,14,5,4,16,16,0,152,189,1,3,194,12,178,0,0,19,9,89,151,0,0,3,152,67,107,"1,180",2,79,0,19,0,0,9,33,9,85,1,0,3,277,20,3,"6,133",45,807,"1,252",39,131,64,129,918,43,65,28,637,0,5,173,380,15,17,2,7,142,5,74,161,0,17,0,0,57,2,70,219,2,3,4,0,0,3,283,0,56,0,32,0,18,20,1,183,10,13,0,395,37,0,0,342,0,1,"1,755",0,0,0,4,220,3,18,"4,995",0,3,1,3,48,"3,311",0,90,150,0,0,11,0,212,446,124,0,0,1,11,6,179,0,33,354,27,21,0,4,"2,659","2,264",0,33,"1,369",0,2,35,z,0,0,29,29,252,0,1,0,6,15,22,130,64,3,146,406,35,0,6,166,56,"2,243",7,0,0,327,331,0,757,0,20,1,0,49,89,0,0,0,0,185,209,"2,395"
2009,Q2,"1,038","11,070",944,"1,947","1,073","1,698","13,199","3,205",677,623,289,91,"3,206","2,290","1,038",565,"1,010",293,271,0,0,214,1,3,36,24,0,689,9,33,2,3,"2,319",30,94,11,9,2,1,5,42,z,43,12,201,498,1,418,2,43,103,1,124,270,0,0,2,6,25,"1,141",0,0,232,1,92,469,0,4,69,23,z,15,25,13,14,2,8,14,0,131,173,1,0,196,9,127,0,0,23,7,76,107,0,0,1,147,40,82,974,4,59,0,22,0,0,5,25,2,75,2,0,3,247,26,2,"5,549",47,656,956,37,116,85,89,728,31,55,21,493,0,0,199,232,18,12,2,10,119,1,35,137,0,30,0,0,52,1,57,228,4,4,7,0,0,5,268,0,42,0,24,0,26,13,1,149,5,6,3,337,46,0,0,319,4,4,"1,437",0,0,0,10,111,3,5,"3,958",0,2,0,3,58,"2,308",0,177,148,0,1,6,0,205,374,113,1,0,0,16,9,153,0,22,264,35,24,0,2,"1,581","1,874",0,43,"1,027",0,5,28,z,0,0,26,49,251,0,0,0,7,29,15,109,54,0,139,432,17,0,1,138,52,"1,484",6,0,0,258,219,1,674,4,24,0,0,41,108,0,0,0,0,126,185,"1,700"
2009,Q3,"1,023","10,422","1,044","1,932","1,052","2,099","15,573","3,262",693,639,281,49,"2,780","2,555","1,047",553,988,255,223,0,0,127,0,7,51,25,0,671,14,47,3,9,"2,532",16,36,7,6,0,0,8,13,z,28,12,205,497,2,391,0,71,79,7,125,272,1,0,1,4,17,"1,551",0,0,209,0,48,280,0,4,35,17,z,12,9,13,5,2,14,10,0,88,230,9,0,146,8,119,0,0,17,10,28,126,0,0,1,142,34,98,"1,118",1,50,0,23,0,0,3,20,5,74,0,0,5,221,24,2,"6,466",35,534,"1,340",42,145,77,69,719,36,65,18,518,0,2,203,216,9,17,5,19,104,9,47,104,0,46,0,4,48,0,66,236,0,2,2,0,0,3,233,0,68,0,28,0,18,13,0,160,2,11,0,404,61,0,0,351,5,2,"1,703",0,0,0,3,61,3,17,"5,032",0,9,2,4,39,"2,314",0,150,137,0,0,6,0,248,378,49,2,0,0,15,16,109,0,14,260,31,20,1,0,"1,171","1,920",0,44,"1,131",0,1,26,z,0,0,29,32,256,0,2,0,10,22,11,106,64,1,109,458,26,0,1,186,47,"1,280",2,0,0,221,230,1,772,4,26,3,0,66,103,0,0,0,0,163,195,"1,539"
2009,Q4,"1,157","11,677",989,"1,863","1,451","2,469","17,443","3,880",710,"1,005",324,79,"3,940","2,839",945,591,"1,364",397,357,0,0,179,0,4,34,29,0,649,11,32,8,1,"2,652",22,78,10,4,7,0,5,19,z,29,18,223,544,1,634,4,58,91,12,129,265,1,0,0,9,23,"1,792",0,0,198,0,81,470,0,1,52,23,z,23,11,33,14,4,11,20,0,144,227,1,0,276,12,174,0,0,14,18,68,112,0,0,2,151,39,81,"1,222",2,68,0,9,0,0,1,30,5,77,1,0,5,291,26,10,"7,319",64,733,"1,317",62,124,74,121,683,41,72,34,463,0,0,264,415,6,10,2,19,163,4,60,94,0,36,0,0,38,1,76,329,2,2,4,0,0,1,233,0,63,0,40,0,11,28,0,158,5,14,1,403,62,0,0,281,2,1,"1,909",0,0,0,10,88,1,7,"5,671",0,3,0,2,49,"2,720",0,172,144,0,1,6,0,371,475,97,0,0,0,10,15,144,0,14,264,46,23,3,0,"1,595","1,605",0,37,"1,391",0,3,25,z,0,0,20,32,262,0,0,0,6,17,22,129,70,5,116,530,23,0,0,123,58,"1,771",8,0,0,215,304,3,724,7,30,0,0,55,118,0,0,0,0,191,190,"1,795"
2010,Q1,"1,349","14,144","1,067","2,341","1,676","2,574","18,597","3,793",720,900,324,62,"3,592","2,695",991,771,"1,589",384,416,0,0,297,0,2,32,20,0,638,15,38,3,9,"2,671",19,74,25,9,8,0,11,15,z,30,21,253,718,1,583,2,52,119,4,161,290,0,0,1,4,17,"1,743",0,0,243,1,91,711,0,7,43,22,z,14,7,17,25,7,22,17,0,156,253,3,0,326,14,173,0,0,27,12,42,143,1,0,4,179,49,90,"1,348",0,55,0,27,0,0,4,39,4,132,0,0,3,505,25,2,"7,630",60,598,"1,292",34,116,71,167,929,42,68,35,548,0,4,211,378,11,13,0,24,130,11,60,120,0,27,0,1,53,0,87,245,2,5,5,0,0,1,286,0,51,0,41,0,12,8,0,258,11,3,3,512,64,0,0,321,5,1,"2,229",0,0,0,10,96,1,10,"6,373",0,6,0,4,67,"2,744",0,182,117,0,1,13,0,317,458,92,1,0,0,7,12,119,0,19,343,36,34,1,0,"2,243","1,898",0,43,"1,398",0,2,41,z,0,0,23,30,246,0,0,0,11,26,10,126,56,1,135,551,26,0,1,159,55,"1,592",12,0,0,264,277,3,777,4,26,0,0,63,100,0,0,0,0,237,231,"1,966"
2010,Q2,"1,118","11,984",992,"2,013","1,260","2,537","15,939","3,392",761,801,826,82,"2,766","2,175","1,049",703,"1,181",344,348,0,0,187,0,4,37,19,0,659,12,41,6,4,"1,756",21,58,22,2,12,0,6,18,z,24,12,268,656,1,554,6,61,96,12,116,244,1,0,0,6,20,"1,667",0,0,223,0,72,482,0,0,40,20,z,31,14,29,9,3,15,11,0,107,253,2,0,247,27,160,0,0,23,11,33,150,0,0,2,175,49,86,"1,108",0,71,0,19,0,0,2,26,4,96,0,0,8,551,89,0,"7,306",34,590,952,39,116,106,119,758,45,43,27,504,1,6,173,316,11,8,5,40,125,3,53,83,0,89,0,1,33,2,78,289,1,1,11,0,0,2,242,0,67,0,29,0,33,7,3,164,5,13,1,478,63,0,0,361,0,4,"1,926",0,0,0,2,87,1,10,"5,238",0,3,1,0,50,"2,306",0,474,120,0,1,4,0,247,424,64,1,0,0,24,26,113,0,13,267,47,77,1,1,"1,323","2,157",0,51,"1,154",0,3,38,z,0,0,14,30,217,0,0,0,17,21,19,90,61,7,137,522,25,0,0,136,51,"1,016",9,0,0,290,225,2,748,4,28,1,0,61,115,0,0,0,0,129,215,"1,785"
2010,Q3,"1,094","10,579","1,028","1,950","1,264","2,620","16,155","3,217",739,558,749,88,"2,323","2,403","1,057",401,"1,201",273,357,0,0,128,0,2,39,21,0,671,13,27,8,3,"1,579",16,54,12,3,2,0,7,16,z,16,12,253,327,0,340,4,79,53,12,146,285,1,1,0,0,22,"2,012",0,0,217,0,65,379,0,1,43,30,z,27,7,29,7,2,6,10,0,114,279,3,0,289,6,183,0,0,32,8,28,136,0,0,2,136,27,97,"1,118",0,60,0,13,0,0,0,33,0,127,0,0,5,332,94,2,"7,438",47,635,"1,105",57,111,87,88,716,28,64,23,407,0,5,159,248,6,15,2,49,140,6,51,64,0,66,1,0,25,4,101,247,0,6,18,0,0,1,197,0,52,0,31,0,21,9,0,148,6,15,0,628,66,0,0,349,3,1,"1,989",0,0,0,5,88,1,13,"5,374",0,1,2,1,57,"2,087",0,453,133,0,0,7,0,218,388,70,0,0,0,9,14,109,0,16,204,50,49,3,0,"1,104","1,906",0,35,"1,129",0,3,33,z,0,0,23,53,208,0,0,0,11,27,12,129,63,4,135,553,14,0,3,129,37,830,5,0,0,206,211,0,743,8,16,0,0,39,140,0,0,0,0,112,152,"1,323"
2010,Q4,"1,381","10,924",979,"1,878","1,434","2,949","16,258","3,140",794,669,858,57,"3,238","3,376","1,013",600,"1,365",382,504,0,0,155,0,3,36,18,0,677,3,29,3,2,"1,774",9,94,26,1,5,1,4,21,z,37,11,235,553,1,412,4,49,69,3,149,262,3,0,0,5,15,"2,309",0,0,201,0,80,590,0,3,39,27,z,16,17,33,19,3,7,17,0,107,265,2,0,318,17,169,0,0,27,14,23,138,0,0,0,123,26,117,"1,057",0,65,0,14,0,0,0,34,10,91,0,0,5,372,66,5,"6,974",49,986,"1,670",75,117,113,144,751,33,69,37,479,3,4,172,364,6,9,6,58,153,8,68,121,0,79,1,0,43,1,79,226,2,2,2,0,0,0,191,0,69,0,31,0,11,19,1,196,4,8,0,758,60,0,0,297,2,0,"2,205",0,0,0,5,139,3,7,"5,528",1,11,3,0,48,"2,066",0,533,107,0,0,1,0,257,492,64,0,0,0,9,19,153,0,6,211,24,66,6,0,"1,209","1,561",0,34,"1,218",0,2,37,z,0,0,18,37,226,0,0,0,5,22,11,119,48,6,120,550,7,0,5,102,69,"1,151",2,0,0,250,338,2,717,3,15,0,0,38,166,0,0,0,0,101,173,"1,325"
2011,Q1,"1,798","14,765","1,096","2,433","1,580","2,987","20,779","3,708",869,624,956,82,"3,507","5,555","1,109",831,"1,487",399,621,0,0,194,0,7,40,21,0,743,19,28,3,3,"2,282",24,72,18,8,6,1,8,25,0,25,21,294,775,1,376,4,82,114,6,182,348,0,0,1,12,14,"2,317",0,0,246,0,75,808,0,3,40,22,0,36,10,32,27,6,12,11,0,151,304,2,0,535,14,292,0,0,37,19,38,176,0,0,3,224,45,115,"1,434",0,83,0,17,0,0,5,68,5,141,1,0,2,377,82,6,"9,386",82,"1,961","2,549",58,160,79,177,967,32,62,47,524,1,4,174,457,11,19,4,66,191,20,57,172,0,85,0,1,44,1,102,275,4,8,6,0,0,7,294,0,72,0,41,0,23,24,0,242,9,14,0,"1,133",73,z,0,323,2,2,"2,759",0,0,0,2,250,5,1,"6,189",0,5,0,4,57,"2,400",0,628,124,0,0,8,0,248,488,88,2,0,1,20,14,192,z,7,283,26,49,0,1,"1,963","1,906",0,51,"1,777",0,2,28,0,0,0,45,46,383,0,0,0,17,27,11,188,59,4,157,551,24,0,2,165,69,"1,264",5,0,0,297,340,5,748,4,18,0,0,54,281,0,0,0,0,150,204,"1,853"
2011,Q2,"1,354","12,250","1,050","2,075","1,248","2,512","16,428","3,349",793,418,852,68,"2,910","4,489","1,138",548,"1,140",330,464,0,0,179,0,3,24,18,0,727,10,29,1,1,"1,376",19,52,9,3,2,0,13,25,0,32,10,264,489,1,265,4,81,101,3,167,262,0,0,2,6,12,"1,975",0,0,267,0,68,515,0,6,29,30,0,30,8,42,4,1,16,17,0,109,204,4,1,445,25,317,0,0,36,8,35,125,0,0,3,168,43,116,"1,111",0,105,0,16,0,0,7,49,0,127,2,0,8,240,76,4,"7,202",53,"1,784","1,818",55,118,93,138,753,24,58,27,460,0,7,187,369,15,17,1,52,202,14,64,117,0,84,0,1,58,1,69,260,3,7,9,0,0,6,241,0,74,0,30,0,31,12,0,184,5,16,1,908,78,z,0,368,4,0,"2,293",0,0,0,6,189,6,3,"5,246",0,8,1,0,45,"1,914",0,524,116,0,2,10,0,153,388,108,1,0,1,15,14,166,z,9,222,36,45,4,1,"1,306","1,972",0,52,"1,680",0,1,22,0,0,0,28,46,319,1,0,0,13,22,15,152,47,14,126,617,22,0,0,123,58,"1,037",8,0,0,253,278,3,788,3,42,3,0,54,383,0,0,0,2,126,210,"1,536"
2011,Q3,"1,069","11,122","1,070","1,802","1,135","2,328","15,294","3,200",746,313,786,48,"2,432","3,343","1,110",406,"1,070",247,325,0,0,161,0,5,39,20,0,698,10,37,4,7,"1,217",13,74,12,2,8,0,19,25,0,12,9,242,358,1,181,3,110,123,7,158,328,1,0,0,2,23,"1,871",0,0,216,0,45,421,0,1,24,35,0,23,10,31,23,1,11,12,0,61,200,2,1,453,19,306,0,0,59,11,23,124,0,0,1,169,25,108,"1,001",0,113,0,6,0,0,3,57,5,86,3,0,2,236,80,0,"6,681",44,"1,404","1,133",46,118,85,157,638,36,69,30,459,2,8,112,254,20,10,7,55,184,12,78,82,0,62,1,0,17,2,78,203,6,6,1,0,0,0,233,0,93,0,22,0,22,8,0,143,5,12,1,"1,076",38,z,0,340,2,3,"2,173",0,0,0,3,159,0,6,"4,520",0,10,8,2,45,"1,873",0,490,116,0,0,3,0,132,376,81,0,0,0,23,16,113,z,24,231,32,47,2,1,967,"1,914",0,40,"1,775",0,2,27,0,0,0,29,39,283,0,0,0,6,19,12,131,43,1,114,519,37,0,1,112,36,900,9,0,0,235,279,2,742,1,15,0,0,50,404,0,0,0,0,93,184,"1,170"
2011,Q4,"1,319","11,220",936,"1,935","1,242","2,537","14,857","3,400",811,377,"1,035",65,"3,194","3,157",947,400,"1,157",275,381,0,0,184,0,4,30,22,0,620,16,53,3,2,"1,176",20,72,13,4,10,0,15,24,0,15,12,260,347,1,252,9,102,147,3,172,279,0,0,1,5,26,"2,139",0,0,208,2,59,550,0,5,35,39,0,25,4,27,17,1,11,10,0,80,202,3,0,572,18,326,0,0,40,9,31,141,0,0,1,177,51,121,"1,126",0,123,0,14,0,0,4,74,6,95,0,0,2,175,98,0,"6,357",51,"1,445","1,012",45,109,90,143,717,29,47,29,428,0,10,109,423,17,22,1,79,158,9,116,104,0,82,1,0,35,0,77,218,5,3,5,1,0,1,240,0,74,0,35,0,19,8,0,285,5,15,1,981,73,z,0,283,1,1,"2,058",0,0,0,9,128,2,7,"4,404",0,6,0,1,49,"2,123",0,667,104,0,1,14,0,125,447,110,0,0,0,18,13,135,z,13,266,26,62,2,0,"1,082","1,415",0,32,"1,919",0,2,31,0,0,0,37,32,284,4,0,0,6,26,24,123,56,3,107,506,23,0,2,129,62,"1,239",3,0,0,267,316,2,657,4,28,0,0,42,369,0,0,0,0,93,193,"1,192"
2012,Q1,"1,547","14,345","1,125","2,254","1,436","2,543","17,346","3,370","1,082",446,"1,200",88,"3,487","3,065","1,007",631,"1,349",369,476,0,1,211,0,1,34,28,0,653,22,45,1,7,"1,784",23,65,12,4,5,0,13,33,0,23,17,262,551,1,223,6,90,141,6,237,289,2,0,5,7,22,"2,043",0,0,241,3,85,716,0,4,46,26,0,32,2,36,29,5,12,14,0,95,235,2,0,570,23,356,0,0,55,10,24,154,0,0,5,199,57,127,"1,394",1,191,0,22,0,0,3,100,2,115,0,0,3,217,124,2,"7,455",60,"1,131","1,141",56,137,147,176,934,40,98,38,520,0,11,148,334,25,17,5,80,101,20,115,134,0,76,2,0,41,1,96,209,0,3,10,0,0,15,248,0,62,0,36,0,27,13,0,310,7,10,0,"1,222",95,z,0,296,3,3,"2,485",0,0,0,10,123,2,8,"4,991",0,3,0,4,44,"2,193",0,779,126,0,0,22,0,223,513,84,0,0,0,14,14,106,z,15,365,44,77,5,0,"1,600","1,957",0,78,"1,881",0,1,47,0,0,0,52,49,306,0,0,0,21,33,11,148,57,4,156,543,45,0,3,124,70,"1,471",9,0,0,358,336,2,836,5,19,0,0,58,219,0,0,0,1,136,231,"1,749"
2012,Q2,"1,120","11,224","1,115","1,945","1,081","1,865","13,497","2,634",965,316,"1,053",82,"2,534","2,107","1,087",465,"1,015",251,362,0,0,186,0,5,33,16,0,691,26,53,3,10,"1,216",17,43,14,0,8,0,9,26,0,18,17,267,392,2,151,9,71,100,8,157,316,0,0,2,2,14,"1,494",0,0,233,0,68,598,0,4,29,30,0,35,11,34,23,2,12,14,0,90,179,2,2,461,27,221,0,0,69,10,13,170,0,0,3,171,44,101,967,0,179,0,26,0,0,2,64,5,104,3,0,1,165,130,3,"6,044",35,816,690,49,112,107,149,686,36,60,33,421,1,4,99,241,43,6,0,75,92,6,69,115,0,87,1,1,27,4,92,174,0,4,18,1,0,12,180,0,48,0,30,0,27,5,0,179,3,16,0,876,68,z,0,319,2,1,"2,081",0,0,0,4,63,0,8,"4,109",0,3,0,5,69,"1,649",0,645,127,0,1,24,0,165,412,60,0,0,1,14,22,89,z,8,254,23,54,1,2,"1,278","1,588",0,61,"1,243",0,3,48,0,0,0,30,41,214,0,0,0,21,29,16,125,39,2,115,507,25,0,4,104,59,"1,009",12,0,0,247,249,1,799,0,13,0,0,61,165,0,0,0,0,80,146,"1,390"
2012,Q3,871,"9,894","1,119","1,791",871,"1,775","13,879","2,603","1,015",239,"1,056",67,"2,017","1,945","1,015",340,784,180,255,0,0,108,0,3,33,8,0,625,16,36,1,9,"1,291",13,68,16,1,7,0,5,21,0,7,12,277,289,6,114,4,79,65,7,149,296,0,0,1,8,14,"1,406",0,0,213,0,55,378,0,4,26,33,0,32,0,38,14,3,12,11,0,85,164,3,1,353,24,142,0,0,75,11,7,145,0,0,4,225,33,129,"1,108",0,226,0,5,0,0,1,62,4,53,1,0,3,155,105,0,"6,339",41,712,687,43,108,146,95,672,25,51,30,359,1,12,100,182,26,14,4,64,89,6,67,90,1,65,0,1,21,3,77,194,5,1,9,0,0,12,198,0,53,0,24,0,21,9,0,152,4,11,0,"1,045",80,z,0,314,2,1,"1,938",0,0,0,5,51,3,4,"4,182",0,1,0,4,38,"1,627",0,706,111,1,2,20,0,125,358,64,0,0,0,20,18,71,z,7,180,26,46,8,0,"1,028","1,574",0,62,"1,012",0,1,28,0,0,0,37,27,151,0,0,0,13,16,13,114,55,5,86,485,20,0,0,110,47,782,6,0,0,204,212,2,822,4,32,0,0,54,134,0,0,0,0,71,124,"1,127"
2012,Q4,"1,159","10,240","1,039","1,789",980,"1,971","13,961","2,798","1,070",353,"1,338",68,"2,687","2,033",999,366,898,210,324,0,0,131,0,2,38,6,0,617,17,54,3,2,"1,292",20,69,23,1,5,0,7,51,0,21,12,214,260,5,157,10,88,79,10,133,264,0,0,0,4,25,"1,578",0,0,201,0,38,391,0,5,28,19,0,28,10,32,11,5,17,13,0,86,242,5,0,498,26,176,0,0,79,5,13,160,0,0,1,157,55,115,"1,004",0,204,0,24,0,0,3,42,2,67,0,0,2,158,149,0,"6,583",46,717,686,49,110,141,129,646,28,70,34,336,0,13,111,220,44,13,3,65,98,0,49,106,0,68,0,1,26,2,76,205,11,4,12,0,0,3,198,0,54,0,38,0,19,7,0,216,4,9,0,"1,019",109,z,0,296,2,6,"2,091",0,0,0,10,56,2,5,"4,117",0,2,2,0,41,"1,762",0,907,127,0,0,32,0,196,533,52,0,0,1,19,22,88,z,13,174,31,85,6,0,"1,345","1,391",0,82,932,0,1,23,0,0,0,35,69,208,1,0,0,4,27,14,102,63,4,93,539,33,0,5,116,58,989,10,0,0,245,324,3,775,9,21,0,0,64,109,0,0,0,2,124,103,"1,171"
2013,Q1,"1,375","13,067","1,167","2,119","1,140","2,080","18,636","3,306","1,108",998,"1,710",73,"2,858","1,990","1,188",578,"1,039",268,352,0,0,136,0,2,49,16,0,751,26,51,4,1,"2,195",17,82,13,7,5,0,11,41,0,23,26,291,526,1,445,7,121,83,6,210,307,0,0,2,3,18,"1,648",0,0,223,1,45,558,0,4,28,28,0,32,7,45,19,8,14,11,0,94,230,2,1,493,29,140,0,0,93,11,9,188,0,0,2,213,33,126,"1,313",0,129,0,16,0,0,3,49,8,53,3,0,2,183,197,0,"8,469",56,716,615,31,131,197,143,784,34,74,39,463,0,3,135,241,37,15,2,101,114,11,51,117,0,101,2,0,24,5,102,228,1,3,13,0,0,4,267,0,84,0,46,0,22,5,0,391,9,7,0,"1,403",131,z,0,337,3,2,"2,687",0,0,0,2,56,2,5,"5,453",0,1,1,2,42,"2,139",0,"1,160",140,0,0,21,0,553,534,51,4,0,1,10,29,90,z,13,249,27,74,3,0,"1,800","1,887",0,68,"1,104",0,3,46,0,0,0,49,26,208,0,0,0,6,27,9,112,55,5,138,593,22,0,2,128,73,"1,115",7,0,0,304,303,1,860,4,35,0,0,91,133,0,0,0,0,121,147,"1,367"
2013,Q2,"1,104","12,242","1,220","2,142",954,"2,056","17,231","3,210","1,332","1,115","1,916",91,"2,362","1,889","1,274",456,872,227,256,0,0,119,0,3,39,10,0,819,19,39,5,4,"2,110",18,68,14,5,10,0,10,25,0,14,8,297,392,3,457,4,79,71,4,169,302,4,0,0,10,22,"1,647",0,0,243,1,62,478,0,4,29,19,0,46,9,42,17,5,10,7,0,97,247,4,0,541,26,189,0,0,108,13,12,213,0,0,1,182,40,184,"1,251",0,181,0,19,0,0,1,38,2,72,0,0,5,136,225,4,"7,932",41,665,601,26,117,222,159,838,26,76,31,420,0,8,146,177,35,20,2,94,100,9,48,93,0,102,2,0,33,0,94,246,3,3,16,0,0,5,228,0,78,0,23,0,29,9,0,269,7,9,0,"1,297",141,z,0,342,4,1,"2,609",0,0,0,1,61,5,7,"4,843",0,1,1,5,52,"1,968",0,"1,354",156,0,0,20,0,658,441,40,4,0,1,29,12,92,z,13,192,32,66,7,0,"1,343","1,996",0,113,"1,036",0,1,58,0,0,0,22,37,179,0,1,0,12,31,11,102,64,3,134,678,26,0,0,125,55,881,5,0,0,240,271,1,918,5,23,0,0,57,157,0,0,0,0,93,137,"1,364"
2013,Q3,955,"10,629","1,213","2,073",964,"3,141","23,216","6,059","1,315","1,245","2,507",95,"2,519","1,901","1,287",383,885,155,245,0,0,100,0,5,47,15,0,745,26,54,5,5,"2,655",15,76,28,5,7,0,2,23,0,19,15,357,324,3,518,3,102,44,6,101,304,3,0,1,9,16,"2,638",0,0,219,0,37,273,0,5,23,24,0,63,10,50,10,5,14,14,0,69,225,2,0,453,30,197,0,0,179,13,6,210,0,0,3,222,44,133,"1,274",0,145,0,23,0,0,3,46,6,45,0,0,4,174,213,4,"11,213",72,601,703,48,122,251,110,802,52,65,30,392,1,17,183,148,15,15,6,104,109,14,37,88,0,129,2,0,25,1,94,455,1,5,9,0,0,3,216,0,72,0,35,0,11,5,0,147,5,12,0,"2,467",102,z,0,359,2,5,"2,522",0,0,0,4,56,4,1,"5,940",0,5,1,1,51,"3,745",0,"1,880",193,0,0,21,0,727,509,38,0,1,0,15,18,67,z,15,198,32,87,14,1,"1,171","1,563",0,99,938,0,2,42,0,0,0,26,37,182,0,0,0,10,55,13,103,66,2,103,"1,468",18,0,0,100,65,"1,068",10,0,1,218,261,4,909,1,22,0,0,74,170,0,0,0,0,99,123,942
2013,Q4,"1,101","12,162","1,423","2,510",972,"2,474","27,520","5,322","1,568","2,387","4,101",115,"3,472","1,988","1,386",272,860,229,276,0,0,125,0,6,36,17,0,804,24,46,2,16,"3,248",13,91,25,6,7,0,3,34,0,15,12,439,208,5,"1,192",7,128,51,10,156,332,5,0,1,6,25,"1,930",0,0,252,0,48,379,0,1,30,25,0,77,33,85,22,6,8,18,0,107,272,3,0,480,44,181,0,0,205,14,9,235,0,0,4,233,60,190,"1,421",0,175,0,28,0,0,3,42,3,47,5,0,3,170,363,1,"11,807",68,633,671,51,209,311,102,"1,014",51,54,43,435,0,19,213,225,36,24,1,167,80,17,45,75,0,150,1,0,17,1,98,587,7,2,8,0,0,1,277,0,81,0,29,0,30,4,0,227,7,12,0,"3,429",126,z,0,373,5,1,"2,659",0,0,0,9,62,1,14,"7,737",0,3,1,2,50,"3,173",0,"3,192",219,0,0,19,0,"1,195",587,43,1,0,0,17,18,81,z,11,211,34,95,5,1,"1,682","1,578",0,125,"1,289",0,2,49,0,0,0,56,31,185,0,1,0,7,50,15,101,61,2,129,"1,195",16,0,1,120,65,"1,617",9,0,0,256,387,2,"1,091",1,34,0,0,65,121,0,0,0,0,106,162,"1,226"
2014,Q1,740,"8,109","1,340","1,684",391,"1,143","10,115","1,136",835,655,"1,265",48,"1,493","1,382","1,201",384,297,104,155,0,0,52,0,9,25,9,0,812,10,58,2,3,713,24,54,16,4,3,0,3,21,0,12,13,221,319,6,264,2,91,26,2,133,337,2,0,0,2,19,866,0,0,126,0,31,165,0,6,17,19,0,24,4,70,6,2,9,12,0,38,169,4,0,293,20,81,0,0,64,9,7,153,0,0,1,135,32,95,823,0,76,0,15,0,0,4,30,2,45,1,0,2,100,126,5,"5,661",34,447,482,32,108,164,79,727,27,58,33,250,0,24,57,61,15,22,1,66,79,10,15,43,0,93,1,0,11,0,91,169,1,4,7,0,0,0,191,0,52,0,20,0,13,2,0,231,6,6,0,449,65,z,0,321,1,0,"2,299",0,0,0,8,51,1,12,"2,726",0,1,1,3,34,529,0,812,99,0,0,36,0,391,403,34,1,0,0,11,9,46,z,11,163,32,73,5,0,543,"1,250",0,91,562,0,5,41,0,0,0,42,17,103,0,0,0,7,18,20,76,56,4,87,199,13,0,2,116,39,417,9,0,0,214,220,3,"1,003",3,26,0,0,53,73,0,0,0,0,48,93,938
2014,Q2,750,"8,890","1,248","1,625",407,"1,204","10,352","1,239",879,616,"1,296",47,"1,502","1,633","1,127",271,326,133,169,0,0,49,0,6,25,19,0,692,11,29,1,7,871,17,46,21,11,6,0,5,20,0,12,13,232,190,5,258,1,82,28,2,172,297,1,0,1,5,16,861,0,0,164,2,30,160,0,2,15,23,0,26,5,68,16,0,7,15,1,28,194,4,0,378,15,92,0,0,79,6,6,147,1,0,0,144,37,118,891,0,109,0,20,0,0,4,44,4,34,0,0,2,96,179,0,"5,288",27,536,661,25,92,158,70,652,42,59,31,322,1,47,88,76,23,12,5,79,64,9,17,49,0,84,0,1,9,5,69,169,2,2,6,0,0,0,202,0,67,0,26,0,19,3,0,149,2,5,0,496,61,z,0,349,0,12,"2,282",0,0,0,5,40,2,13,"3,168",0,3,2,0,38,597,0,828,101,0,2,43,0,358,377,27,0,0,0,15,12,45,z,12,138,26,38,5,1,730,"1,482",0,73,522,0,0,36,0,0,0,38,25,145,0,0,0,4,33,30,93,50,2,103,236,17,0,2,100,44,418,8,0,0,187,226,3,951,0,28,1,0,59,89,0,0,0,0,36,105,"1,055"
2014,Q3,556,"7,717","1,146","1,508",409,"1,113","9,110","1,366",872,594,"1,207",43,"1,375","1,337","1,094",241,338,108,134,0,0,42,0,5,28,12,0,734,10,42,5,0,691,7,40,16,14,6,0,6,28,0,9,19,261,178,4,206,0,91,33,6,111,293,0,0,1,3,12,790,0,0,145,1,17,129,0,3,20,17,0,15,0,60,3,1,9,18,0,46,148,1,0,345,16,71,0,0,60,6,2,157,0,0,0,165,22,125,773,0,110,0,15,0,0,1,36,4,36,0,0,0,121,131,2,"4,661",33,449,488,35,84,159,40,530,30,50,20,291,1,25,86,59,21,10,0,80,68,1,17,36,0,72,0,2,10,0,61,163,2,3,8,1,0,2,165,0,84,0,18,0,7,2,1,104,2,5,0,491,43,z,0,296,1,3,"2,171",0,0,0,1,49,1,9,"2,775",0,0,0,1,25,662,0,790,94,0,0,28,0,388,394,21,0,0,0,15,11,51,z,3,117,23,56,2,0,476,"1,362",0,90,484,0,2,27,0,0,0,36,25,91,0,0,0,13,24,16,82,52,9,69,306,9,0,2,76,41,366,2,0,0,168,221,0,853,1,30,0,0,74,78,0,0,0,0,30,95,857
2014,Q4,704,"8,301","1,127","1,552",486,"1,139","10,249","1,433",999,687,"1,468",60,"1,620","1,470","1,038",231,391,123,165,0,0,54,0,2,31,10,0,678,6,50,2,7,870,11,62,31,9,2,0,1,29,0,17,11,265,148,7,261,2,78,21,3,125,283,1,0,0,5,22,787,0,0,113,0,20,126,0,3,18,17,0,30,4,54,10,3,8,6,0,46,230,1,1,363,14,85,0,2,46,19,4,161,0,0,0,114,37,124,862,2,125,0,18,0,0,1,35,0,51,0,0,12,116,173,1,"4,926",38,516,474,34,120,197,71,575,39,68,38,344,1,22,106,45,22,13,1,94,71,7,15,54,0,104,0,0,13,4,66,172,2,3,12,0,0,3,226,0,64,0,17,0,31,0,0,133,5,9,1,553,52,z,0,309,1,1,"2,379",0,0,0,6,50,1,8,"3,290",0,2,2,2,41,736,0,973,92,1,0,41,0,426,493,27,0,0,0,9,10,31,z,5,129,19,51,5,0,609,"1,276",0,113,607,0,3,38,0,0,0,37,32,68,0,2,0,5,35,9,81,38,1,81,272,9,0,1,71,51,457,9,0,0,162,239,4,843,2,34,0,0,67,107,0,0,0,0,47,83,945
2015,Q1,791,"10,287","1,419","1,717",598,"1,236","13,268","1,632","1,335",857,"1,742",55,"1,826","1,398","1,117",341,471,145,220,0,0,36,0,5,39,14,0,714,16,43,2,3,"1,205",11,76,34,3,6,0,3,32,0,21,9,258,262,4,356,2,68,25,5,168,328,1,0,0,0,18,827,0,0,122,0,30,191,0,4,20,13,0,19,3,63,22,5,8,11,0,38,203,0,2,366,22,79,0,0,59,16,5,236,0,0,1,152,29,181,"1,099",1,153,0,19,0,0,4,29,0,52,1,0,1,136,222,0,"6,305",39,469,467,47,79,256,93,717,44,64,51,305,0,23,136,89,19,14,3,124,68,6,29,53,0,102,2,0,15,1,92,169,4,3,16,0,0,2,271,0,71,0,25,0,16,1,0,157,4,9,0,720,95,z,0,343,1,5,"2,875",0,0,0,8,54,1,11,"4,287",0,2,0,0,33,933,0,"1,108",122,0,2,32,0,501,497,29,0,0,2,15,10,43,z,11,172,35,99,2,0,705,"1,718",0,116,744,0,3,44,0,0,0,36,35,105,0,1,0,9,39,30,89,54,4,91,279,13,0,0,100,51,503,12,0,0,205,279,1,"1,091",2,46,1,0,66,97,0,0,0,0,67,150,"1,278"
2015,Q2,716,"8,870","1,178","1,579",527,"1,128","12,287","1,557","1,284",768,"1,600",52,"1,585","1,370","1,049",259,447,130,135,0,0,51,0,2,34,15,0,696,15,38,6,2,"1,119",15,49,41,5,4,0,2,17,0,16,23,256,191,1,272,3,71,25,5,134,282,2,0,0,1,8,790,0,0,134,0,25,131,0,4,14,9,0,34,0,76,19,2,17,12,0,51,209,2,2,252,24,79,0,0,52,12,5,205,0,0,1,132,42,157,900,0,180,0,32,0,0,9,34,2,40,1,0,7,125,200,4,"5,546",26,441,505,35,86,247,60,605,49,48,29,289,0,8,78,68,28,15,0,99,71,4,20,63,0,103,2,0,10,1,75,213,3,1,4,0,0,3,236,0,68,0,16,0,21,4,0,130,7,16,1,653,86,z,0,299,3,4,"2,425",0,0,0,4,35,0,6,"4,191",0,1,0,1,37,786,0,"1,020",130,0,0,24,0,496,392,17,0,0,0,20,9,36,z,8,198,27,68,10,0,669,"1,467",0,113,773,0,2,28,0,0,0,21,38,119,0,0,0,10,42,19,84,57,2,80,314,5,0,1,89,56,517,7,0,0,176,220,1,896,6,27,0,0,57,114,0,0,0,1,49,115,"1,175"
2015,Q3,624,"8,158","1,120","1,360",518,"1,044","11,503","1,808","1,561",782,"1,825",67,"1,533","1,282",907,276,431,97,112,0,0,36,0,3,46,5,0,608,19,24,4,5,"1,144",11,44,35,8,0,0,4,31,0,10,14,228,195,1,270,2,59,22,5,110,263,1,0,0,4,21,735,0,0,113,0,18,146,0,4,12,7,0,45,3,84,35,6,5,12,0,29,182,4,0,328,27,63,0,0,34,14,2,215,0,0,2,158,33,185,846,0,301,0,22,0,0,8,30,6,32,0,0,2,100,216,3,"5,073",40,413,486,44,93,304,53,489,32,51,23,349,0,12,105,61,32,21,2,125,40,11,15,46,0,125,0,1,15,2,69,183,0,4,10,0,0,0,252,0,64,0,11,1,12,1,0,125,8,8,0,818,71,z,0,260,2,3,"2,137",0,0,0,3,28,0,7,"3,716",0,2,2,2,31,"1,029",0,"1,151",166,0,0,39,0,512,380,24,0,0,0,19,14,35,z,1,102,21,88,9,0,572,"1,270",0,135,748,0,3,29,0,0,0,23,35,113,0,1,0,11,37,22,70,47,4,85,366,8,0,3,68,46,550,3,0,0,143,233,2,857,1,36,0,0,55,102,0,0,0,0,43,85,"1,140"
2015,Q4,751,"9,242","1,083","1,518",680,"1,164","14,427","2,157","1,688","1,147","2,508",75,"1,967","1,399",883,282,576,142,154,0,0,44,0,3,39,25,0,534,26,41,1,8,"1,497",16,52,31,2,6,0,10,36,0,11,7,281,192,3,469,2,100,35,8,132,244,1,0,0,4,22,822,0,0,139,0,24,169,0,3,22,9,0,40,5,110,41,5,12,5,0,30,194,1,0,507,32,85,0,0,71,23,1,264,0,0,2,163,39,234,912,0,227,0,27,0,0,2,32,0,34,1,0,4,120,315,1,"5,945",40,534,426,47,107,356,98,577,47,57,31,313,0,7,105,66,22,18,0,194,55,9,17,72,0,138,0,0,12,0,103,223,4,0,13,0,0,0,258,0,62,0,26,0,14,2,0,156,11,13,0,"1,206",108,z,0,267,2,6,"2,383",0,0,0,15,37,1,9,"4,803",0,2,4,2,37,"1,286",0,"1,621",142,0,0,41,0,678,405,21,0,0,2,19,9,38,z,4,142,33,92,6,0,894,"1,246",0,149,962,0,2,39,0,0,0,26,40,126,0,1,0,3,40,22,78,49,6,81,377,17,0,7,48,49,823,7,0,0,158,241,1,839,2,42,0,0,51,87,0,0,0,0,54,111,"1,213"
2016,Q1,788,"11,032","1,415","1,756",600,"1,078","15,421","1,792","1,143",617,"1,189",37,"1,592","1,147","1,189",339,487,135,151,1,0,21,0,4,22,16,0,773,21,32,7,6,"1,156",23,61,18,2,4,0,20,42,0,6,20,283,232,2,238,1,77,34,8,148,343,0,0,1,4,16,723,0,0,127,0,33,149,0,2,17,8,0,9,2,39,35,0,12,9,0,32,220,1,1,327,20,86,0,0,52,15,1,208,0,0,4,203,29,164,"1,157",0,89,0,20,0,0,5,38,3,39,0,0,2,114,130,0,"7,913",26,449,275,35,126,180,92,781,47,47,40,320,0,9,117,65,21,12,0,89,55,2,26,90,0,119,0,1,11,0,125,226,5,3,11,0,0,0,269,0,61,0,26,0,19,2,0,121,4,24,0,841,111,z,0,361,0,1,"3,396",0,0,0,11,26,0,12,"4,532",0,0,1,1,21,"1,080",0,729,116,0,0,26,0,379,417,26,0,1,1,16,15,55,z,12,155,35,58,5,1,697,"1,511",0,124,954,0,1,45,0,0,0,45,69,147,1,0,0,8,27,19,75,48,5,96,263,13,0,0,80,59,506,7,0,0,219,197,1,"1,072",5,49,0,0,60,75,0,0,0,0,50,119,"1,663"
2016,Q2,624,"7,375","1,236","1,360",518,838,"10,232","1,497","1,360",573,"1,258",56,"1,320","1,183",952,273,444,99,84,0,0,43,0,4,29,14,0,616,21,24,1,4,842,16,30,34,4,2,0,14,31,0,10,13,267,160,0,204,0,97,20,2,126,273,1,0,0,3,14,560,0,0,72,2,11,114,0,0,15,20,0,30,2,65,39,0,9,7,0,30,177,1,1,337,14,70,0,0,36,10,0,247,0,0,2,143,25,217,737,0,103,0,14,0,0,1,31,4,42,1,0,2,112,128,1,"4,713",33,518,260,33,106,268,54,546,27,40,22,258,0,13,75,76,15,14,2,112,42,7,14,53,0,84,0,0,15,1,65,234,2,1,11,0,0,1,224,0,70,0,12,0,17,2,0,80,7,4,0,531,94,z,0,297,1,0,"1,984",0,0,0,6,44,3,6,"3,448",0,1,1,1,24,783,0,796,163,0,0,67,0,369,347,14,0,0,0,11,5,31,z,10,113,24,54,5,0,616,"1,127",0,103,682,0,4,23,0,0,0,29,40,194,5,0,0,2,28,22,86,34,5,69,239,5,0,0,57,34,460,7,0,0,146,144,2,963,8,26,2,0,31,83,0,0,0,1,52,91,893
2016,Q3,632,"6,692","1,132","1,148",483,862,"9,556","1,373","2,062",632,"1,385",55,"1,170","1,138",806,286,411,101,75,0,0,33,0,4,19,8,0,520,29,32,2,8,816,11,40,42,5,7,0,10,25,0,13,7,219,180,5,249,1,79,18,3,89,220,3,0,0,3,9,574,0,0,86,0,19,130,0,3,15,13,0,28,1,71,50,4,7,5,0,25,180,1,0,313,18,69,0,0,36,38,1,371,1,0,0,135,17,343,712,0,133,0,16,0,0,6,29,0,24,0,0,0,105,173,3,"4,476",28,552,255,67,76,357,47,456,44,53,30,251,0,13,69,47,5,7,1,105,51,7,12,83,0,79,1,0,6,0,50,176,8,2,12,0,0,1,225,0,53,0,16,0,22,0,1,70,5,7,0,558,152,z,0,247,2,1,"1,857",0,0,0,9,21,1,12,"3,053",0,4,1,1,18,792,0,865,237,0,0,55,0,383,333,21,0,0,0,17,8,32,z,4,95,20,71,3,0,628,867,0,194,635,0,6,32,0,0,0,24,38,187,0,0,0,2,48,18,63,35,3,65,195,9,0,2,43,36,352,8,0,0,130,141,0,912,0,24,0,0,28,74,0,0,0,0,36,75,752
2016,Q4,676,"6,682",925,"1,059",544,834,"9,151","1,316","2,334",855,"1,858",71,"1,305","1,205",678,300,461,98,105,0,0,26,0,5,21,12,0,459,19,22,2,9,914,6,20,61,4,4,0,13,21,0,8,10,206,156,0,332,3,72,19,2,125,234,0,0,1,5,16,573,0,0,56,0,15,102,0,1,19,12,0,29,6,94,64,3,5,7,0,25,188,0,0,320,27,74,0,0,26,26,2,440,0,0,0,163,16,398,689,0,185,0,19,0,0,2,24,4,25,1,0,1,90,215,2,"4,237",18,546,282,67,76,446,69,436,35,38,32,261,0,14,80,47,14,8,2,153,46,1,21,55,0,132,7,1,14,0,51,141,12,8,23,0,0,0,218,0,46,0,15,0,13,0,0,71,4,9,0,464,137,z,0,189,1,1,"1,911",0,0,0,12,42,1,11,"2,895",0,0,4,2,18,813,0,"1,149",215,0,1,71,0,523,328,20,0,0,0,8,9,24,z,4,91,13,81,7,0,620,776,0,209,616,0,5,29,0,0,0,24,59,223,1,0,0,3,60,19,84,28,5,39,180,5,0,0,42,34,487,3,3,0,134,173,2,691,2,35,0,0,19,75,0,0,0,0,56,66,773
2017,Q1,800,"9,135","1,302","1,559",639,"1,028","12,197","1,643","4,853","1,533","3,165",104,"1,537","1,308",874,429,519,122,133,0,0,42,0,8,27,22,0,558,27,32,5,3,"1,029",17,43,94,8,4,0,18,34,0,12,29,286,230,1,580,4,91,32,3,150,264,0,0,2,7,16,695,0,0,76,0,15,169,0,7,21,13,0,45,8,162,105,2,16,5,0,35,177,2,0,429,28,97,0,0,43,81,1,859,0,0,0,191,37,840,995,0,338,0,18,0,0,1,29,9,45,2,0,1,105,400,4,"6,149",40,596,293,109,102,"1,075",68,681,49,38,52,310,0,15,100,47,19,14,1,262,57,2,19,89,0,192,5,0,14,0,101,228,3,7,38,0,0,1,259,0,63,0,12,0,19,3,0,75,7,9,0,632,230,z,0,272,1,0,"2,669",0,0,0,10,32,0,22,"3,410",0,3,0,1,23,990,0,"1,969",471,0,0,74,0,953,352,19,0,0,3,18,10,38,z,2,122,20,138,14,0,731,"1,037",0,469,956,0,1,29,0,0,0,31,102,285,0,0,0,6,150,39,106,45,3,57,212,10,0,1,58,40,552,11,0,0,192,189,4,"1,038",2,40,0,0,44,57,1,0,0,0,40,102,"1,187"
2017,Q2,720,"6,803","1,115","1,230",525,791,"9,282","1,205","4,747","1,396","3,470",101,"1,295","1,170",817,376,458,103,102,0,0,43,0,8,17,8,0,515,27,20,2,11,875,12,28,112,5,6,0,12,19,0,8,11,264,181,2,535,2,55,20,4,111,238,0,0,0,3,16,542,0,0,63,0,18,131,0,4,12,7,0,56,4,157,133,2,10,10,0,17,175,3,2,291,45,72,0,0,40,75,1,854,0,0,5,130,28,775,766,0,375,0,19,1,0,1,37,1,36,2,0,5,83,420,2,"4,263",19,545,254,132,72,"1,079",55,508,31,21,26,260,0,9,82,44,19,9,2,259,49,6,12,69,1,196,5,0,12,4,61,184,3,1,33,0,0,0,162,0,46,0,10,0,16,4,0,70,4,8,0,453,191,z,0,262,0,1,"1,913",0,0,0,3,27,1,32,"2,991",0,2,0,2,15,625,0,"2,236",347,0,0,83,0,861,314,25,0,0,0,26,14,39,z,7,109,35,135,22,0,565,816,0,513,685,0,1,29,0,0,0,15,79,261,0,1,0,3,129,43,101,28,6,45,212,9,0,0,43,43,474,4,1,0,153,149,0,877,5,22,0,0,42,67,0,0,0,0,44,98,821
2017,Q3,596,"5,978",972,"1,096",453,756,"7,780","1,120","4,322","1,184","2,874",107,"1,086","1,114",713,621,382,103,79,0,0,36,0,1,27,6,0,479,29,19,1,5,731,6,32,66,3,5,0,6,19,0,2,9,256,211,2,381,1,56,17,2,103,200,0,0,0,2,11,528,0,0,69,0,15,90,0,1,16,15,0,60,2,138,88,2,6,8,0,27,154,5,0,280,37,81,0,0,40,60,0,828,0,0,1,134,25,737,675,0,263,0,16,0,0,4,24,1,27,1,0,7,85,376,1,"3,724",20,590,232,111,58,"1,025",39,400,29,26,19,226,0,9,48,37,7,8,3,226,35,6,11,79,1,142,3,0,12,2,61,132,6,1,31,0,0,0,167,0,35,0,14,0,25,1,0,46,4,5,1,365,175,z,0,189,2,2,"1,742",0,0,0,11,18,1,148,"2,419",0,3,1,1,14,616,0,"1,846",342,0,0,87,0,803,292,23,1,0,1,13,11,30,z,6,102,28,99,10,0,434,765,0,472,529,0,3,27,0,0,0,18,175,217,2,0,0,2,123,47,104,32,4,44,176,8,0,1,51,21,318,5,0,0,116,133,0,772,3,35,1,0,29,85,0,0,0,0,25,66,656
2017,Q4,763,"6,284",900,"1,130",485,755,"7,795","1,137","4,962","1,905","3,833",110,"1,320","1,204",623,667,400,136,101,0,0,26,0,8,28,13,0,376,32,20,7,8,759,10,44,91,2,8,0,4,24,0,11,16,222,164,0,713,4,50,17,4,83,183,1,0,1,2,9,512,0,0,83,5,16,119,0,4,17,10,0,69,0,180,93,3,3,5,0,31,172,0,0,358,44,69,0,0,40,81,1,948,0,0,1,125,22,797,696,0,378,0,10,0,0,1,28,2,21,1,0,1,64,494,5,"3,498",20,620,239,148,52,"1,106",61,476,28,37,26,213,0,7,93,55,2,16,0,328,60,3,13,93,0,177,3,0,16,0,56,140,1,0,24,0,0,1,164,0,43,0,16,0,16,3,0,88,1,12,0,367,178,z,0,206,0,2,"1,803",0,0,0,9,26,0,200,"2,611",0,4,1,1,12,645,0,"2,448",421,0,3,54,0,"1,192",343,14,0,0,1,10,21,36,z,3,101,8,134,28,0,552,712,0,527,555,0,3,30,0,0,0,14,249,268,1,0,0,2,159,42,101,35,2,44,175,7,0,0,40,40,393,8,0,0,119,155,3,717,2,33,0,0,25,95,0,0,0,0,43,95,704
2018,Q1,998,"8,139","1,027","1,444",571,874,"9,967","1,352","5,281","2,080","3,960",124,"1,485","1,526",814,743,484,174,137,1,0,47,0,5,18,23,0,529,31,16,5,28,988,16,45,103,1,4,0,19,26,0,5,10,257,160,2,697,8,96,17,3,149,261,1,0,0,2,14,593,0,0,94,0,22,184,0,6,17,4,0,83,3,159,97,0,11,9,0,49,209,0,1,426,44,139,0,0,46,62,2,966,0,0,3,144,35,876,872,0,382,0,17,0,0,3,32,1,20,2,0,0,93,520,6,"4,460",26,754,274,135,67,"1,199",65,621,23,40,27,254,0,16,87,49,10,13,4,301,53,0,7,138,0,175,4,0,17,1,94,172,0,2,24,0,0,0,189,0,64,0,21,0,23,3,0,109,5,9,0,490,245,z,0,237,2,0,"2,422",0,0,0,15,22,1,249,"3,195",0,1,1,1,18,713,0,"2,599",414,0,6,95,0,"1,383",343,16,0,0,2,20,11,31,z,4,96,18,134,28,0,765,840,0,620,815,0,8,32,0,0,0,18,236,363,1,0,0,7,147,54,180,39,1,51,216,6,0,0,61,42,478,7,3,0,178,165,9,766,4,39,0,0,57,102,0,0,0,0,62,98,954
2018,Q2,768,"7,583","1,155","2,601",499,845,"8,168","1,304","5,594","1,963","3,602",136,"1,404","1,470",730,834,424,139,115,0,0,39,0,8,15,17,2,475,33,13,5,19,868,153,55,113,2,5,0,30,42,0,10,13,267,186,0,598,1,93,21,3,99,288,2,0,0,5,10,612,0,0,100,0,24,158,0,1,17,15,1,74,1,190,113,1,58,15,0,37,182,0,0,378,48,102,0,0,41,67,1,987,0,0,1,145,37,"1,098",851,0,428,0,78,2,0,2,37,1,78,0,0,2,62,486,14,"3,488",27,703,242,110,56,"1,267",78,"1,336",32,33,40,267,0,17,58,48,4,4,2,290,61,1,18,106,0,177,10,0,20,1,57,170,7,5,45,0,0,0,195,0,45,0,13,0,17,0,0,95,3,10,0,363,210,z,0,209,1,2,"2,296",0,0,0,18,43,2,319,"2,702",0,2,3,0,27,625,0,"2,267",430,0,0,93,0,"1,365",357,26,0,0,0,13,16,20,z,4,114,27,118,26,0,660,827,0,576,710,0,13,70,0,0,0,68,234,246,5,1,0,1,152,46,247,47,3,42,256,11,0,2,114,23,445,6,2,0,149,150,2,867,2,22,0,0,29,101,0,0,0,1,45,95,817
2018,Q3,796,"6,842","1,154","2,711",436,824,"7,551","1,198","5,407","1,453","3,008",127,"1,220","1,470",813,813,359,142,99,0,0,27,0,10,18,15,2,557,34,16,1,15,711,177,32,90,2,5,0,19,45,0,5,12,228,245,2,436,1,71,11,3,105,306,0,1,0,3,12,585,0,0,91,0,19,90,0,4,10,19,2,68,5,144,106,2,56,12,0,37,225,5,0,365,40,98,0,0,39,44,1,839,0,0,1,123,21,"1,365",706,0,396,0,97,1,0,0,41,4,63,1,0,2,76,463,6,"3,250",24,736,243,152,65,"1,140",49,"1,448",36,45,30,225,1,18,50,22,11,2,1,273,46,1,14,100,0,141,4,0,7,0,51,141,5,2,49,0,0,0,142,0,49,0,10,0,13,2,0,65,2,2,0,242,191,z,0,215,0,0,"1,967",0,0,0,8,19,3,236,"2,694",0,1,0,1,20,586,0,"1,838",410,0,1,78,0,"1,017",316,14,0,0,1,20,6,30,z,8,132,27,95,14,0,589,933,0,491,630,0,18,84,0,0,0,65,252,278,0,0,0,5,145,38,219,46,1,46,238,8,0,1,96,29,387,8,1,0,149,157,1,847,2,36,0,0,42,105,0,1,0,0,46,83,800